,par_id,soa,target_location,congruency_area,congruency_area_continuous,congruency_area_absolute,sub_ind,sub_area,sub_area_continuous
0,1,100.0,1.0,-42.07954041536949,-41.702008247272715,42.07954041536949,19,4.969362425281972,5.181630183625089
1,1,100.0,1.0,-42.07954041536949,-41.702008247272715,42.07954041536949,39,-1.405697747964016,-1.9442552001607964
2,1,100.0,1.0,-42.07954041536949,-41.702008247272715,42.07954041536949,59,-18.000102994227873,-18.190530703044033
3,1,100.0,1.0,-42.07954041536949,-41.702008247272715,42.07954041536949,79,-15.228246984608688,-14.932234436575982
4,1,100.0,1.0,-42.07954041536949,-41.702008247272715,42.07954041536949,99,-9.878423195569951,-10.044943871057512
5,1,350.0,1.0,226.0616426767545,225.4212495208676,226.0616426767545,19,-7.88480084268511,-8.020639191607685
6,1,350.0,1.0,226.0616426767545,225.4212495208676,226.0616426767545,39,40.51937395760624,42.70132733313301
7,1,350.0,1.0,226.0616426767545,225.4212495208676,226.0616426767545,59,91.87133836819719,92.09322933074759
8,1,350.0,1.0,226.0616426767545,225.4212495208676,226.0616426767545,79,62.340300204688205,60.93854382451127
9,1,350.0,1.0,226.0616426767545,225.4212495208676,226.0616426767545,99,27.481997111426892,27.276193816481282
10,1,850.0,1.0,-78.43216321249844,-78.45990669318599,78.43216321249844,19,-11.727495444253881,-12.461184453858593
11,1,850.0,1.0,-78.43216321249844,-78.45990669318599,78.43216321249844,39,-28.37668003369469,-28.53052106889288
12,1,850.0,1.0,-78.43216321249844,-78.45990669318599,78.43216321249844,59,-26.90285254331905,-26.32735388274682
13,1,850.0,1.0,-78.43216321249844,-78.45990669318599,78.43216321249844,79,-5.156770306793163,-4.942711720736497
14,1,850.0,1.0,-78.43216321249844,-78.45990669318599,78.43216321249844,99,-2.381501607508099,-2.295709018686466
15,1,1100.0,1.0,250.50279390570145,250.56309204911577,250.50279390570145,19,17.964121165095502,19.1781270189978
16,1,1100.0,1.0,250.50279390570145,250.56309204911577,250.50279390570145,39,65.7874086427602,66.54271558974676
17,1,1100.0,1.0,250.50279390570145,250.56309204911577,250.50279390570145,59,74.89721103895988,74.4930679801214
18,1,1100.0,1.0,250.50279390570145,250.56309204911577,250.50279390570145,79,54.3615248650498,54.05263478085408
19,1,1100.0,1.0,250.50279390570145,250.56309204911577,250.50279390570145,99,25.003819558837037,23.63693811778012
20,1,100.0,2.0,-114.72297649049779,-113.83059168464206,114.72297649049779,19,-5.258732709929084,-5.684157824857593
21,1,100.0,2.0,-114.72297649049779,-113.83059168464206,114.72297649049779,39,-15.284589740725401,-15.294855076936983
22,1,100.0,2.0,-114.72297649049779,-113.83059168464206,114.72297649049779,59,-25.93861965586123,-26.2346327902535
23,1,100.0,2.0,-114.72297649049779,-113.83059168464206,114.72297649049779,79,-30.708563016706137,-30.70274190730788
24,1,100.0,2.0,-114.72297649049779,-113.83059168464206,114.72297649049779,99,-30.9730894660849,-31.126755679105372
25,1,350.0,2.0,-87.40787277121166,-87.22634887744152,87.40787277121166,19,5.595049580825971,5.8613988819161875
26,1,350.0,2.0,-87.40787277121166,-87.22634887744152,87.40787277121166,39,2.112129239212198,1.543899975215254
27,1,350.0,2.0,-87.40787277121166,-87.22634887744152,87.40787277121166,59,-43.62146349325086,-44.553245123157694
28,1,350.0,2.0,-87.40787277121166,-87.22634887744152,87.40787277121166,79,-40.70187847422301,-39.69874361043367
29,1,350.0,2.0,-87.40787277121166,-87.22634887744152,87.40787277121166,99,-6.297884136569763,-6.013222863464762
30,1,850.0,2.0,60.91511083715437,60.660927859993535,60.91511083715437,19,-2.3816589774560644,-2.6353977677648146
31,1,850.0,2.0,60.91511083715437,60.660927859993535,60.91511083715437,39,1.6570846861721655,2.1355217656237073
32,1,850.0,2.0,60.91511083715437,60.660927859993535,60.91511083715437,59,19.002472612130674,19.403932100095517
33,1,850.0,2.0,60.91511083715437,60.660927859993535,60.91511083715437,79,26.07148704701531,25.94834712164493
34,1,850.0,2.0,60.91511083715437,60.660927859993535,60.91511083715437,99,13.604198583476403,13.360052343103234
35,1,1100.0,2.0,-292.5297577292597,-290.6369910812382,292.5297577292597,19,-13.764943199474814,-14.643968750996265
36,1,1100.0,2.0,-292.5297577292597,-290.6369910812382,292.5297577292597,39,-56.318136051728835,-57.50851128232193
37,1,1100.0,2.0,-292.5297577292597,-290.6369910812382,292.5297577292597,59,-81.92967694907023,-81.57977499878871
38,1,1100.0,2.0,-292.5297577292597,-290.6369910812382,292.5297577292597,79,-60.58253987300739,-60.368415070151514
39,1,1100.0,2.0,-292.5297577292597,-290.6369910812382,292.5297577292597,99,-63.55333486978526,-63.9115962000551
40,2,100.0,1.0,-37.16073262100261,-36.454634654663096,37.16073262100261,19,0.21527672193662672,0.020335444142361325
41,2,100.0,1.0,-37.16073262100261,-36.454634654663096,37.16073262100261,39,-14.329637931215565,-14.61461883946879
42,2,100.0,1.0,-37.16073262100261,-36.454634654663096,37.16073262100261,59,-11.5187116798133,-10.967695179640486
43,2,100.0,1.0,-37.16073262100261,-36.454634654663096,37.16073262100261,79,7.755661685523108,7.686093150839042
44,2,100.0,1.0,-37.16073262100261,-36.454634654663096,37.16073262100261,99,-16.451784943843165,-17.091199089477414
45,2,350.0,1.0,-183.77123190949314,-184.33203551466886,183.77123190949314,19,-8.202752250801671,-8.848678255783582
46,2,350.0,1.0,-183.77123190949314,-184.33203551466886,183.77123190949314,39,-45.28270712996028,-46.518468827430524
47,2,350.0,1.0,-183.77123190949314,-184.33203551466886,183.77123190949314,59,-75.66066301176366,-75.30810073661814
48,2,350.0,1.0,-183.77123190949314,-184.33203551466886,183.77123190949314,79,-45.48836639443098,-44.5532539106639
49,2,350.0,1.0,-183.77123190949314,-184.33203551466886,183.77123190949314,99,-0.6868435340951464,0.4181390273724901
50,2,850.0,1.0,-115.5873947602092,-115.90171293197363,115.5873947602092,19,-1.2644372473540653,-1.619117581108327
51,2,850.0,1.0,-115.5873947602092,-115.90171293197363,115.5873947602092,39,-35.00117166582012,-35.85550581005941
52,2,850.0,1.0,-115.5873947602092,-115.90171293197363,115.5873947602092,59,-47.83794066429564,-47.71507969038521
53,2,850.0,1.0,-115.5873947602092,-115.90171293197363,115.5873947602092,79,-29.50962721889384,-28.82026994677244
54,2,850.0,1.0,-115.5873947602092,-115.90171293197363,115.5873947602092,99,3.70888437482904,4.369785356560897
55,2,1100.0,1.0,-198.7130102624133,-197.45010325162184,198.7130102624133,19,-8.184471284048826,-8.696933396390449
56,2,1100.0,1.0,-198.7130102624133,-197.45010325162184,198.7130102624133,39,-25.054591546848567,-25.463651145934477
57,2,1100.0,1.0,-198.7130102624133,-197.45010325162184,198.7130102624133,59,-51.33143368244839,-52.11865600739179
58,2,1100.0,1.0,-198.7130102624133,-197.45010325162184,198.7130102624133,79,-57.80933950589086,-56.99422740508817
59,2,1100.0,1.0,-198.7130102624133,-197.45010325162184,198.7130102624133,99,-45.153257785395766,-45.435892485540535
60,2,100.0,2.0,-113.19920274648985,-112.64746262692643,113.19920274648985,19,-3.60078262173866,-3.9021622663805218
61,2,100.0,2.0,-113.19920274648985,-112.64746262692643,113.19920274648985,39,-14.026537263627201,-14.009663325249562
62,2,100.0,2.0,-113.19920274648985,-112.64746262692643,113.19920274648985,59,-17.438147398632474,-17.96970515550902
63,2,100.0,2.0,-113.19920274648985,-112.64746262692643,113.19920274648985,79,-39.47200820226969,-39.64854898860813
64,2,100.0,2.0,-113.19920274648985,-112.64746262692643,113.19920274648985,99,-32.286615079469414,-31.71516268357027
65,2,350.0,2.0,-292.06080131523805,-291.3668323625334,292.06080131523805,19,-5.631577561002838,-6.126983882759063
66,2,350.0,2.0,-292.06080131523805,-291.3668323625334,292.06080131523805,39,-47.885630211097805,-49.640807302057055
67,2,350.0,2.0,-292.06080131523805,-291.3668323625334,292.06080131523805,59,-113.86541668977559,-114.35780065772542
68,2,350.0,2.0,-292.06080131523805,-291.3668323625334,292.06080131523805,79,-77.99482249497386,-76.35640316857098
69,2,350.0,2.0,-292.06080131523805,-291.3668323625334,292.06080131523805,99,-31.347218477852266,-30.90492562592226
70,2,850.0,2.0,-70.67056872677703,-69.89763555135505,70.67056872677703,19,-0.4132601284279809,-0.726880652647921
71,2,850.0,2.0,-70.67056872677703,-69.89763555135505,70.67056872677703,39,-2.555764516873287,-2.1157109246590835
72,2,850.0,2.0,-70.67056872677703,-69.89763555135505,70.67056872677703,59,-0.8905382184479578,-1.038908214950652
73,2,850.0,2.0,-70.67056872677703,-69.89763555135505,70.67056872677703,79,-24.076083886394727,-25.217135547611633
74,2,850.0,2.0,-70.67056872677703,-69.89763555135505,70.67056872677703,99,-38.346478487666616,-37.92700720814719
75,2,1100.0,2.0,-560.0557197082055,-559.4094610638176,560.0557197082055,19,-12.933322287294972,-14.59341864857852
76,2,1100.0,2.0,-560.0557197082055,-559.4094610638176,560.0557197082055,39,-138.4007561587437,-141.49914073394257
77,2,1100.0,2.0,-560.0557197082055,-559.4094610638176,560.0557197082055,59,-186.33594985693978,-185.78705026000898
78,2,1100.0,2.0,-560.0557197082055,-559.4094610638176,560.0557197082055,79,-143.03035868677404,-140.9600043474179
79,2,1100.0,2.0,-560.0557197082055,-559.4094610638176,560.0557197082055,99,-50.671258095104406,-48.98235053407279
80,3,100.0,1.0,446.00911728491747,444.81191222842335,446.00911728491747,19,2.673776037300036,3.1868117810677106
81,3,100.0,1.0,446.00911728491747,444.81191222842335,446.00911728491747,39,93.58479294284092,96.34700781395816
82,3,100.0,1.0,446.00911728491747,444.81191222842335,446.00911728491747,59,145.19559639457702,145.5687457320114
83,3,100.0,1.0,446.00911728491747,444.81191222842335,446.00911728491747,79,120.70718121067414,119.16816906752047
84,3,100.0,1.0,446.00911728491747,444.81191222842335,446.00911728491747,99,61.0342859942503,59.99594160920515
85,3,350.0,1.0,38.1746944019445,37.97000469658451,38.1746944019445,19,2.067558889951935,2.319361460371347
86,3,350.0,1.0,38.1746944019445,37.97000469658451,38.1746944019445,39,7.674693399410925,7.720549708123713
87,3,350.0,1.0,38.1746944019445,37.97000469658451,38.1746944019445,59,5.3796098428883425,5.393220752338038
88,3,350.0,1.0,38.1746944019445,37.97000469658451,38.1746944019445,79,13.062801926513686,13.200203848191904
89,3,350.0,1.0,38.1746944019445,37.97000469658451,38.1746944019445,99,7.45957924663,7.3339843178373485
90,3,850.0,1.0,-172.31249493201955,-172.1550796057354,172.31249493201955,19,0.279248871875109,0.3617714105405838
91,3,850.0,1.0,-172.31249493201955,-172.1550796057354,172.31249493201955,39,-14.539359259594944,-15.966591399373783
92,3,850.0,1.0,-172.31249493201955,-172.1550796057354,172.31249493201955,59,-65.3143929732806,-66.08867301629789
93,3,850.0,1.0,-172.31249493201955,-172.1550796057354,172.31249493201955,79,-66.42698685576391,-65.59452996444952
94,3,850.0,1.0,-172.31249493201955,-172.1550796057354,172.31249493201955,99,-17.40311435205973,-16.50229281212978
95,3,1100.0,1.0,65.54313519238389,64.87427488858793,65.54313519238389,19,1.7349338639506424,1.7024224409995554
96,3,1100.0,1.0,65.54313519238389,64.87427488858793,65.54313519238389,39,29.186636366028758,30.442540301692816
97,3,1100.0,1.0,65.54313519238389,64.87427488858793,65.54313519238389,59,29.482678306852584,28.38655956706134
98,3,1100.0,1.0,65.54313519238389,64.87427488858793,65.54313519238389,79,-7.504236357842871,-7.880450726587242
99,3,1100.0,1.0,65.54313519238389,64.87427488858793,65.54313519238389,99,8.851238357877918,9.777135562666444
100,3,100.0,2.0,-26.354635402913487,-28.58442702238608,26.354635402913487,19,-12.620654062304702,-13.191652702321832
101,3,100.0,2.0,-26.354635402913487,-28.58442702238608,26.354635402913487,39,-52.90936260560065,-54.294280851791996
102,3,100.0,2.0,-26.354635402913487,-28.58442702238608,26.354635402913487,59,-56.87935809100597,-55.37722085828841
103,3,100.0,2.0,-26.354635402913487,-28.58442702238608,26.354635402913487,79,17.208911154598184,19.05036446202621
104,3,100.0,2.0,-26.354635402913487,-28.58442702238608,26.354635402913487,99,77.8361777657112,78.4645393019573
105,3,350.0,2.0,73.27663040886576,72.18401252763579,73.27663040886576,19,-4.387174613989044,-4.954077947530315
106,3,350.0,2.0,73.27663040886576,72.18401252763579,73.27663040886576,39,-2.5377512307264105,-2.4414957015676464
107,3,350.0,2.0,73.27663040886576,72.18401252763579,73.27663040886576,59,11.772318049994581,12.806631306827967
108,3,350.0,2.0,73.27663040886576,72.18401252763579,73.27663040886576,79,30.098637055630476,30.238854300547246
109,3,350.0,2.0,73.27663040886576,72.18401252763579,73.27663040886576,99,35.109981898009764,35.328365582000515
110,3,850.0,2.0,-69.31234227613501,-67.43532240498462,69.31234227613501,19,4.526647440117708,4.888518303852138
111,3,850.0,2.0,-69.31234227613501,-67.43532240498462,69.31234227613501,39,17.806760102905034,18.08771489860601
112,3,850.0,2.0,-69.31234227613501,-67.43532240498462,69.31234227613501,59,7.9504713674750676,7.104871537820827
113,3,850.0,2.0,-69.31234227613501,-67.43532240498462,69.31234227613501,79,-29.42572312036657,-30.610800218462373
114,3,850.0,2.0,-69.31234227613501,-67.43532240498462,69.31234227613501,99,-65.22599890939128,-65.6982879276693
115,3,1100.0,2.0,-170.07237264034617,-168.24310388084723,170.07237264034617,19,8.68759849465987,9.486254571343665
116,3,1100.0,2.0,-170.07237264034617,-168.24310388084723,170.07237264034617,39,-5.579268278979196,-7.000398729175117
117,3,1100.0,2.0,-170.07237264034617,-168.24310388084723,170.07237264034617,59,-48.30785957739738,-49.00753299741973
118,3,1100.0,2.0,-170.07237264034617,-168.24310388084723,170.07237264034617,79,-49.06643019008675,-48.96406345595369
119,3,1100.0,2.0,-170.07237264034617,-168.24310388084723,170.07237264034617,99,-67.21631439349669,-67.65694725310277
120,4,100.0,1.0,-51.073318210561666,-51.41386571203748,51.073318210561666,19,-3.5325268764196798,-3.619785852217163
121,4,100.0,1.0,-51.073318210561666,-51.41386571203748,51.073318210561666,39,-11.324833213432484,-11.71328360511086
122,4,100.0,1.0,-51.073318210561666,-51.41386571203748,51.073318210561666,59,-45.17611667383476,-45.030905865614386
123,4,100.0,1.0,-51.073318210561666,-51.41386571203748,51.073318210561666,79,-3.110727556385612,-2.6580036768832542
124,4,100.0,1.0,-51.073318210561666,-51.41386571203748,51.073318210561666,99,12.709956209167672,12.831317560929165
125,4,350.0,1.0,114.88884601935874,113.98190322782557,114.88884601935874,19,0.5022503090328239,0.6304389765790575
126,4,350.0,1.0,114.88884601935874,113.98190322782557,114.88884601935874,39,21.657310342924955,22.332674038353503
127,4,350.0,1.0,114.88884601935874,113.98190322782557,114.88884601935874,59,28.519245760399087,28.29033201704374
128,4,350.0,1.0,114.88884601935874,113.98190322782557,114.88884601935874,79,23.976823174309757,24.066841922167896
129,4,350.0,1.0,114.88884601935874,113.98190322782557,114.88884601935874,99,33.732793450494,33.90455590324291
130,4,850.0,1.0,-142.43615412426504,-141.50406726546044,142.43615412426504,19,-2.4305444797560183,-2.806482997092502
131,4,850.0,1.0,-142.43615412426504,-141.50406726546044,142.43615412426504,39,-16.618791514922048,-16.657349993462503
132,4,850.0,1.0,-142.43615412426504,-141.50406726546044,142.43615412426504,59,-27.176717057086847,-27.781808520584946
133,4,850.0,1.0,-142.43615412426504,-141.50406726546044,142.43615412426504,79,-45.72317197058281,-45.9664248006261
134,4,850.0,1.0,-142.43615412426504,-141.50406726546044,142.43615412426504,99,-42.527358270642424,-42.225589503882475
135,4,1100.0,1.0,-100.62075943083063,-100.67266477946123,100.62075943083063,19,2.1747426493538327,2.511883103215112
136,4,1100.0,1.0,-100.62075943083063,-100.67266477946123,100.62075943083063,39,-9.28929137266653,-10.514858209522572
137,4,1100.0,1.0,-100.62075943083063,-100.67266477946123,100.62075943083063,59,-44.96028388081458,-45.389958847699745
138,4,1100.0,1.0,-100.62075943083063,-100.67266477946123,100.62075943083063,79,-37.98034859149864,-37.20838509354962
139,4,1100.0,1.0,-100.62075943083063,-100.67266477946123,100.62075943083063,99,-5.7571728024257425,-5.198820417238494
140,4,100.0,2.0,183.9256103148763,182.9961634534966,183.9256103148763,19,0.4754847860973077,0.7832418068877658
141,4,100.0,2.0,183.9256103148763,182.9961634534966,183.9256103148763,39,26.639864938317448,27.316026597254734
142,4,100.0,2.0,183.9256103148763,182.9961634534966,183.9256103148763,59,47.0977133484895,47.5660349630507
143,4,100.0,2.0,183.9256103148763,182.9961634534966,183.9256103148763,79,57.33980182066357,57.30472724733886
144,4,100.0,2.0,183.9256103148763,182.9961634534966,183.9256103148763,99,42.05737003082706,41.57567448965892
145,4,350.0,2.0,235.61457181985526,234.30875264731003,235.61457181985526,19,4.6442256075210455,5.131383573951069
146,4,350.0,2.0,235.61457181985526,234.30875264731003,235.61457181985526,39,43.33197268405279,44.450830677925296
147,4,350.0,2.0,235.61457181985526,234.30875264731003,235.61457181985526,59,67.65643070323078,67.57656783674975
148,4,350.0,2.0,235.61457181985526,234.30875264731003,235.61457181985526,79,56.779118390457896,56.599587705012254
149,4,350.0,2.0,235.61457181985526,234.30875264731003,235.61457181985526,99,49.91068533792941,49.74487112096085
150,4,850.0,2.0,-16.739803379886194,-16.284297776426683,16.739803379886194,19,6.917290540936854,7.3644212697389975
151,4,850.0,2.0,-16.739803379886194,-16.284297776426683,16.739803379886194,39,13.879813438186753,13.534932632340656
152,4,850.0,2.0,-16.739803379886194,-16.284297776426683,16.739803379886194,59,-4.2304577588247625,-4.715061430915057
153,4,850.0,2.0,-16.739803379886194,-16.284297776426683,16.739803379886194,79,-15.220755711424545,-15.299152767009673
154,4,850.0,2.0,-16.739803379886194,-16.284297776426683,16.739803379886194,99,-16.758870992731616,-16.755381079125073
155,4,1100.0,2.0,-118.526540761712,-117.55587313873639,118.526540761712,19,-0.9181960021953885,-0.7473765003904305
156,4,1100.0,2.0,-118.526540761712,-117.55587313873639,118.526540761712,39,6.16336012203101,5.873063213350406
157,4,1100.0,2.0,-118.526540761712,-117.55587313873639,118.526540761712,59,-19.818580590984844,-21.00593350779991
158,4,1100.0,2.0,-118.526540761712,-117.55587313873639,118.526540761712,79,-53.330679272822636,-53.288254696975855
159,4,1100.0,2.0,-118.526540761712,-117.55587313873639,118.526540761712,99,-43.98261316266341,-43.72122423998189
160,5,100.0,1.0,-196.37562687094112,-196.94870991669632,196.37562687094112,19,-13.09594668250251,-14.070729601871136
161,5,100.0,1.0,-196.37562687094112,-196.94870991669632,196.37562687094112,39,-65.1092824632868,-66.14396659360932
162,5,100.0,1.0,-196.37562687094112,-196.94870991669632,196.37562687094112,59,-76.4949736387255,-75.98694106572339
163,5,100.0,1.0,-196.37562687094112,-196.94870991669632,196.37562687094112,79,-40.22894375048284,-38.95315887619745
164,5,100.0,1.0,-196.37562687094112,-196.94870991669632,196.37562687094112,99,7.635435170319596,8.471924541658154
165,5,350.0,1.0,-20.72368716272551,-21.10238469687556,20.72368716272551,19,-3.2369495411211666,-3.5612373412774474
166,5,350.0,1.0,-20.72368716272551,-21.10238469687556,20.72368716272551,39,-15.614032266223067,-15.576276515580275
167,5,350.0,1.0,-20.72368716272551,-21.10238469687556,20.72368716272551,59,-1.8483074657987686,-1.5165535662181355
168,5,350.0,1.0,-20.72368716272551,-21.10238469687556,20.72368716272551,79,-1.8777231929117306,-2.0840788900272855
169,5,350.0,1.0,-20.72368716272551,-21.10238469687556,20.72368716272551,99,2.5005260340814175,2.9747279991461255
170,5,850.0,1.0,-186.74394662994447,-185.58660534390583,186.74394662994447,19,-2.5439075629669254,-2.6932060970501936
171,5,850.0,1.0,-186.74394662994447,-185.58660534390583,186.74394662994447,39,-9.821922754712276,-10.221694438174268
172,5,850.0,1.0,-186.74394662994447,-185.58660534390583,186.74394662994447,59,-39.12896827169958,-40.061093373337826
173,5,850.0,1.0,-186.74394662994447,-185.58660534390583,186.74394662994447,79,-69.80304012095492,-70.11105639603466
174,5,850.0,1.0,-186.74394662994447,-185.58660534390583,186.74394662994447,99,-54.89535036813564,-54.19894846263469
175,5,1100.0,1.0,-262.68932813624997,-262.21779781573605,262.68932813624997,19,-12.231289552475928,-13.229018951776965
176,5,1100.0,1.0,-262.68932813624997,-262.21779781573605,262.68932813624997,39,-60.094856456479256,-60.86123727337849
177,5,1100.0,1.0,-262.68932813624997,-262.21779781573605,262.68932813624997,59,-78.4196659727267,-78.68110144291222
178,5,1100.0,1.0,-262.68932813624997,-262.21779781573605,262.68932813624997,79,-66.8698129807845,-66.01258776783197
179,5,1100.0,1.0,-262.68932813624997,-262.21779781573605,262.68932813624997,99,-31.496344286851382,-30.71781790038858
180,5,100.0,2.0,43.84785532257591,43.316617573238545,43.84785532257591,19,8.098368723969676,8.533849793882013
181,5,100.0,2.0,43.84785532257591,43.316617573238545,43.84785532257591,39,11.360996143290409,10.969106109940071
182,5,100.0,2.0,43.84785532257591,43.316617573238545,43.84785532257591,59,-2.5905268894757327,-2.8286073118542845
183,5,100.0,2.0,43.84785532257591,43.316617573238545,43.84785532257591,79,2.988889973813585,3.647231412538531
184,5,100.0,2.0,43.84785532257591,43.316617573238545,43.84785532257591,99,21.38142775719801,21.40022474617672
185,5,350.0,2.0,-55.390704636860995,-55.973520145498696,55.390704636860995,19,-5.067318735634849,-5.7689405998984
186,5,350.0,2.0,-55.390704636860995,-55.973520145498696,55.390704636860995,39,-34.666393647511555,-35.072661224139665
187,5,350.0,2.0,-55.390704636860995,-55.973520145498696,55.390704636860995,59,-28.71769406038674,-27.77212485326868
188,5,350.0,2.0,-55.390704636860995,-55.973520145498696,55.390704636860995,79,1.5577068202232311,1.8080961315013155
189,5,350.0,2.0,-55.390704636860995,-55.973520145498696,55.390704636860995,99,14.075166767764756,14.50492611950176
190,5,850.0,2.0,48.15673782749019,47.448721355960515,48.15673782749019,19,-2.7899406899620685,-2.8457827459751996
191,5,850.0,2.0,48.15673782749019,47.448721355960515,48.15673782749019,39,-2.460753875667841,-2.2648735242137263
192,5,850.0,2.0,48.15673782749019,47.448721355960515,48.15673782749019,59,5.633351569027951,5.735803930274415
193,5,850.0,2.0,48.15673782749019,47.448721355960515,48.15673782749019,79,18.64511657273283,19.02352173127656
194,5,850.0,2.0,48.15673782749019,47.448721355960515,48.15673782749019,99,25.75943267813166,25.78169857292869
195,5,1100.0,2.0,22.742379520140233,22.087911578374587,22.742379520140233,19,1.0950842316474658,1.1788853612188177
196,5,1100.0,2.0,22.742379520140233,22.087911578374587,22.742379520140233,39,-4.776219346822337,-4.902123450718818
197,5,1100.0,2.0,22.742379520140233,22.087911578374587,22.742379520140233,59,-7.313797552571678,-7.180571493494426
198,5,1100.0,2.0,22.742379520140233,22.087911578374587,22.742379520140233,79,13.507094281854492,13.93742926377945
199,5,1100.0,2.0,22.742379520140233,22.087911578374587,22.742379520140233,99,18.072056763374817,18.24172127539805
200,6,100.0,1.0,219.92697611995183,219.22717254292183,219.92697611995183,19,8.343866778203044,9.072609656258635
201,6,100.0,1.0,219.92697611995183,219.22717254292183,219.92697611995183,39,44.02055141318056,44.670513214713424
202,6,100.0,1.0,219.92697611995183,219.22717254292183,219.92697611995183,59,61.052711844330275,61.30884501618334
203,6,100.0,1.0,219.92697611995183,219.22717254292183,219.92697611995183,79,60.32671219110017,59.764436541761825
204,6,100.0,1.0,219.92697611995183,219.22717254292183,219.92697611995183,99,34.564133392963925,34.14194769834921
205,6,350.0,1.0,-50.192726210615746,-51.490436330194825,50.192726210615746,19,-7.722188013830721,-8.434570447841665
206,6,350.0,1.0,-50.192726210615746,-51.490436330194825,50.192726210615746,39,-57.844592178876624,-58.857729102285816
207,6,350.0,1.0,-50.192726210615746,-51.490436330194825,50.192726210615746,59,-47.00362250362605,-45.545611698352104
208,6,350.0,1.0,-50.192726210615746,-51.490436330194825,50.192726210615746,79,18.46843783467159,19.653890579849758
209,6,350.0,1.0,-50.192726210615746,-51.490436330194825,50.192726210615746,99,45.18537614241933,45.499616088402945
210,6,850.0,1.0,67.05625597228722,66.07270966153465,67.05625597228722,19,-0.5438810419953959,-0.5791360411275264
211,6,850.0,1.0,67.05625597228722,66.07270966153465,67.05625597228722,39,2.9987693503096757,3.2526421903306755
212,6,850.0,1.0,67.05625597228722,66.07270966153465,67.05625597228722,59,9.285964241082667,9.488413830384843
213,6,850.0,1.0,67.05625597228722,66.07270966153465,67.05625597228722,79,21.38422501955499,21.477883110274888
214,6,850.0,1.0,67.05625597228722,66.07270966153465,67.05625597228722,99,29.76288632924536,30.184760647402072
215,6,1100.0,1.0,29.689110749589094,29.6258273024132,29.689110749589094,19,-3.2663385033344703,-3.3849771410843914
216,6,1100.0,1.0,29.689110749589094,29.6258273024132,29.689110749589094,39,-4.646862352007123,-4.680628344808724
217,6,1100.0,1.0,29.689110749589094,29.6258273024132,29.689110749589094,59,4.0499204622505545,4.635429275250544
218,6,1100.0,1.0,29.689110749589094,29.6258273024132,29.689110749589094,79,26.46608334669419,26.606129869794586
219,6,1100.0,1.0,29.689110749589094,29.6258273024132,29.689110749589094,99,5.292131412399073,4.701379034873753
220,6,100.0,2.0,-162.83156791719762,-162.788580922841,162.83156791719762,19,-0.7780990782258428,-0.7588182405878428
221,6,100.0,2.0,-162.83156791719762,-162.788580922841,162.83156791719762,39,-8.68616134066695,-9.34177811249117
222,6,100.0,2.0,-162.83156791719762,-162.788580922841,162.83156791719762,59,-54.01964769147074,-55.64983626535877
223,6,100.0,2.0,-162.83156791719762,-162.788580922841,162.83156791719762,79,-78.49506521496953,-77.33053424712261
224,6,100.0,2.0,-162.83156791719762,-162.788580922841,162.83156791719762,99,-12.54186445817544,-11.495857850205539
225,6,350.0,2.0,-180.89889594286387,-181.80020085474007,180.89889594286387,19,2.13577768530343,2.134762963752536
226,6,350.0,2.0,-180.89889594286387,-181.80020085474007,180.89889594286387,39,-38.835784255153044,-41.07521918635979
227,6,350.0,2.0,-180.89889594286387,-181.80020085474007,180.89889594286387,59,-109.11476219608242,-109.38602448974075
228,6,350.0,2.0,-180.89889594286387,-181.80020085474007,180.89889594286387,79,-50.4920035236843,-47.89043494558882
229,6,350.0,2.0,-180.89889594286387,-181.80020085474007,180.89889594286387,99,23.505932455627757,24.276613123849984
230,6,850.0,2.0,103.6580054066734,102.02351884056952,103.6580054066734,19,-3.5580415255355864,-3.790861451336081
231,6,850.0,2.0,103.6580054066734,102.02351884056952,103.6580054066734,39,-7.109777291387677,-6.648667562440835
232,6,850.0,2.0,103.6580054066734,102.02351884056952,103.6580054066734,59,24.933719451672722,25.634977392246583
233,6,850.0,2.0,103.6580054066734,102.02351884056952,103.6580054066734,79,31.605902659904274,31.660599079054464
234,6,850.0,2.0,103.6580054066734,102.02351884056952,103.6580054066734,99,50.77941017963025,51.44099629354423
235,6,1100.0,2.0,-178.99874942291197,-179.66680479695788,178.99874942291197,19,-7.1829841520091655,-7.786005319963497
236,6,1100.0,2.0,-178.99874942291197,-179.66680479695788,178.99874942291197,39,-67.03256409738577,-68.76679707046725
237,6,1100.0,2.0,-178.99874942291197,-179.66680479695788,178.99874942291197,59,-76.81417782359264,-75.91741177975746
238,6,1100.0,2.0,-178.99874942291197,-179.66680479695788,178.99874942291197,79,-29.466184611509945,-28.131879577116706
239,6,1100.0,2.0,-178.99874942291197,-179.66680479695788,178.99874942291197,99,9.452204160896045,10.202494138869952
240,7,100.0,1.0,-137.35412024366474,-137.7406857991691,137.35412024366474,19,-0.5382326578939902,-0.8953485070317839
241,7,100.0,1.0,-137.35412024366474,-137.7406857991691,137.35412024366474,39,-59.57412214834466,-61.31420235468437
242,7,100.0,1.0,-137.35412024366474,-137.7406857991691,137.35412024366474,59,-63.29452203751866,-61.934168630894874
243,7,100.0,1.0,-137.35412024366474,-137.7406857991691,137.35412024366474,79,-18.73272325615335,-17.823318273790846
244,7,100.0,1.0,-137.35412024366474,-137.7406857991691,137.35412024366474,99,10.673329836971277,10.945306811258888
245,7,350.0,1.0,86.35334517992774,84.88724135949724,86.35334517992774,19,-3.761486282233436,-4.122383307385057
246,7,350.0,1.0,86.35334517992774,84.88724135949724,86.35334517992774,39,-13.750647121080224,-13.67246028617626
247,7,350.0,1.0,86.35334517992774,84.88724135949724,86.35334517992774,59,-0.10194921024802284,0.9362799283796903
248,7,350.0,1.0,86.35334517992774,84.88724135949724,86.35334517992774,79,43.62568896642526,44.14642456087313
249,7,350.0,1.0,86.35334517992774,84.88724135949724,86.35334517992774,99,54.50182649299475,54.6255097099056
250,7,850.0,1.0,-90.47199780524738,-89.85515329077407,90.47199780524738,19,-3.659029087098603,-3.972962013449994
251,7,850.0,1.0,-90.47199780524738,-89.85515329077407,90.47199780524738,39,-25.89465189100831,-26.53843552246309
252,7,850.0,1.0,-90.47199780524738,-89.85515329077407,90.47199780524738,59,-29.612100540036472,-28.969065416658168
253,7,850.0,1.0,-90.47199780524738,-89.85515329077407,90.47199780524738,79,-9.035860501551852,-8.741451843669893
254,7,850.0,1.0,-90.47199780524738,-89.85515329077407,90.47199780524738,99,-17.756175367939534,-18.337364579325367
255,7,1100.0,1.0,-228.64372449561327,-228.1097335996892,228.64372449561327,19,-5.684432980071352,-6.560501819493204
256,7,1100.0,1.0,-228.64372449561327,-228.1097335996892,228.64372449561327,39,-83.15823269439122,-84.64291831855235
257,7,1100.0,1.0,-228.64372449561327,-228.1097335996892,228.64372449561327,59,-74.28397356730795,-73.18865743769311
258,7,1100.0,1.0,-228.64372449561327,-228.1097335996892,228.64372449561327,79,-34.17765181481927,-33.50062371970853
259,7,1100.0,1.0,-228.64372449561327,-228.1097335996892,228.64372449561327,99,-19.31534595461929,-19.19816034993255
260,7,100.0,2.0,-519.3328472759565,-517.2498901330528,519.3328472759565,19,-0.09520605401392457,-0.30996747183684903
261,7,100.0,2.0,-519.3328472759565,-517.2498901330528,519.3328472759565,39,-39.71960601273885,-41.78794835383002
262,7,100.0,2.0,-519.3328472759565,-517.2498901330528,519.3328472759565,59,-178.41598474173983,-181.97865569025544
263,7,100.0,2.0,-519.3328472759565,-517.2498901330528,519.3328472759565,79,-190.85889446738042,-187.84810510204534
264,7,100.0,2.0,-519.3328472759565,-517.2498901330528,519.3328472759565,99,-82.61377593247079,-81.89918091293475
265,7,350.0,2.0,40.1387247803341,41.166475550605355,40.1387247803341,19,2.3315730304304383,2.361971037162121
266,7,350.0,2.0,40.1387247803341,41.166475550605355,40.1387247803341,39,41.48681218361429,43.45753563496203
267,7,350.0,2.0,40.1387247803341,41.166475550605355,40.1387247803341,59,52.28487303980757,50.55372498887368
268,7,350.0,2.0,40.1387247803341,41.166475550605355,40.1387247803341,79,-22.92112616574927,-23.74466402173084
269,7,350.0,2.0,40.1387247803341,41.166475550605355,40.1387247803341,99,-34.16561541124048,-34.431638659692
270,7,850.0,2.0,-31.4636619411676,-33.22076708043733,31.4636619411676,19,4.572540425110239,5.007618187859816
271,7,850.0,2.0,-31.4636619411676,-33.22076708043733,31.4636619411676,39,43.97462950122341,43.64383451679663
272,7,850.0,2.0,-31.4636619411676,-33.22076708043733,31.4636619411676,59,-64.40190021853653,-67.27887517933027
273,7,850.0,2.0,-31.4636619411676,-33.22076708043733,31.4636619411676,79,-69.37619852794585,-66.13357934631313
274,7,850.0,2.0,-31.4636619411676,-33.22076708043733,31.4636619411676,99,54.02748393494406,55.252130370702616
275,7,1100.0,2.0,-0.4852243704354722,-0.9451939576638324,0.4852243704354722,19,-2.793317874945724,-2.756341140890722
276,7,1100.0,2.0,-0.4852243704354722,-0.9451939576638324,0.4852243704354722,39,-37.05121036041523,-38.49345024737386
277,7,1100.0,2.0,-0.4852243704354722,-0.9451939576638324,0.4852243704354722,59,-12.295036031881928,-10.269477134956105
278,7,1100.0,2.0,-0.4852243704354722,-0.9451939576638324,0.4852243704354722,79,32.21961650907413,31.91549479513378
279,7,1100.0,2.0,-0.4852243704354722,-0.9451939576638324,0.4852243704354722,99,19.023378210417405,18.98439611534286
280,8,100.0,1.0,187.3943414545723,187.70015021670133,187.3943414545723,19,24.9680903584399,26.569849631464628
281,8,100.0,1.0,187.3943414545723,187.70015021670133,187.3943414545723,39,80.24812420499774,80.84208876827756
282,8,100.0,1.0,187.3943414545723,187.70015021670133,187.3943414545723,59,57.48156350313927,56.0089231698264
283,8,100.0,1.0,187.3943414545723,187.70015021670133,187.3943414545723,79,13.45234158750442,13.109215138768832
284,8,100.0,1.0,187.3943414545723,187.70015021670133,187.3943414545723,99,2.0174181903573754,1.3959644079350255
285,8,350.0,1.0,-18.909780748789114,-18.927928594026525,18.909780748789114,19,1.8097081658696337,1.5064721477883296
286,8,350.0,1.0,-18.909780748789114,-18.927928594026525,18.909780748789114,39,-20.830203905664376,-20.839458282074474
287,8,350.0,1.0,-18.909780748789114,-18.927928594026525,18.909780748789114,59,-7.647644220852172,-7.32646811592781
288,8,350.0,1.0,-18.909780748789114,-18.927928594026525,18.909780748789114,79,3.5281950413070007,3.7611804450434647
289,8,350.0,1.0,-18.909780748789114,-18.927928594026525,18.909780748789114,99,5.231888341783105,5.087419294553911
290,8,850.0,1.0,-66.3661573964236,-65.64050541620145,66.3661573964236,19,5.354474818546786,5.653937393482792
291,8,850.0,1.0,-66.3661573964236,-65.64050541620145,66.3661573964236,39,13.215414094832983,13.093124684183522
292,8,850.0,1.0,-66.3661573964236,-65.64050541620145,66.3661573964236,59,-24.354276267346627,-25.659807821090908
293,8,850.0,1.0,-66.3661573964236,-65.64050541620145,66.3661573964236,79,-35.87848187824807,-35.49289168259156
294,8,850.0,1.0,-66.3661573964236,-65.64050541620145,66.3661573964236,99,-20.46840442952194,-20.524117203337482
295,8,1100.0,1.0,63.4515417118364,63.01335617435507,63.4515417118364,19,-1.0426370428242109,-0.7560724277985571
296,8,1100.0,1.0,63.4515417118364,63.01335617435507,63.4515417118364,39,23.889028065480307,24.3444384594153
297,8,1100.0,1.0,63.4515417118364,63.01335617435507,63.4515417118364,59,25.580574581558658,24.92860684879065
298,8,1100.0,1.0,63.4515417118364,63.01335617435507,63.4515417118364,79,-0.9641581490969884,-0.889458202680089
299,8,1100.0,1.0,63.4515417118364,63.01335617435507,63.4515417118364,99,12.256267400789397,12.502459491660375
300,8,100.0,2.0,230.26689580557013,230.63933117190754,230.26689580557013,19,19.423181640320866,20.689274484964614
301,8,100.0,2.0,230.26689580557013,230.63933117190754,230.26689580557013,39,103.42767423715071,105.76165113535194
302,8,100.0,2.0,230.26689580557013,230.63933117190754,230.26689580557013,59,95.90529410864276,93.43097769530027
303,8,100.0,2.0,230.26689580557013,230.63933117190754,230.26689580557013,79,17.19335024441618,15.972395516479082
304,8,100.0,2.0,230.26689580557013,230.63933117190754,230.26689580557013,99,-16.83480913730878,-17.026012279908173
305,8,350.0,2.0,-191.6562755778525,-192.11201251073453,191.6562755778525,19,-11.052077116629201,-11.6580927483475
306,8,350.0,2.0,-191.6562755778525,-192.11201251073453,191.6562755778525,39,-25.963192123985937,-26.617706116788895
307,8,350.0,2.0,-191.6562755778525,-192.11201251073453,191.6562755778525,59,-70.99954462618828,-71.97926474391079
308,8,350.0,2.0,-191.6562755778525,-192.11201251073453,191.6562755778525,79,-69.67303951334725,-68.42182028682282
309,8,350.0,2.0,-191.6562755778525,-192.11201251073453,191.6562755778525,99,-4.702662036976065,-3.3383616458022516
310,8,850.0,2.0,410.3061025791788,411.51806530277463,410.3061025791788,19,20.178873500638765,22.36935439413695
311,8,850.0,2.0,410.3061025791788,411.51806530277463,410.3061025791788,39,139.57849550378796,141.87646971559366
312,8,850.0,2.0,410.3061025791788,411.51806530277463,410.3061025791788,59,175.04138216038172,174.1785695049623
313,8,850.0,2.0,410.3061025791788,411.51806530277463,410.3061025791788,79,82.61217562641097,79.35266907504729
314,8,850.0,2.0,410.3061025791788,411.51806530277463,410.3061025791788,99,-27.110945569501155,-28.637780465488504
315,8,1100.0,2.0,-140.51635784419992,-140.04151001019545,140.51635784419992,19,2.5909485844136673,2.9767345207426956
316,8,1100.0,2.0,-140.51635784419992,-140.04151001019545,140.51635784419992,39,10.405207147525424,10.129970005204655
317,8,1100.0,2.0,-140.51635784419992,-140.04151001019545,140.51635784419992,59,-23.251582694210953,-24.59896605054587
318,8,1100.0,2.0,-140.51635784419992,-140.04151001019545,140.51635784419992,79,-72.46171152546503,-73.18470144665525
319,8,1100.0,2.0,-140.51635784419992,-140.04151001019545,140.51635784419992,99,-50.922066233063234,-49.375643096557724
320,9,100.0,1.0,-148.12565320692238,-147.64082815974598,148.12565320692238,19,-4.607328837146177,-5.047174421711944
321,9,100.0,1.0,-148.12565320692238,-147.64082815974598,148.12565320692238,39,-31.567593924210815,-32.0403330905238
322,9,100.0,1.0,-148.12565320692238,-147.64082815974598,148.12565320692238,59,-37.31991495329492,-37.67304689533148
323,9,100.0,1.0,-148.12565320692238,-147.64082815974598,148.12565320692238,79,-51.496536483505636,-50.79314696527763
324,9,100.0,1.0,-148.12565320692238,-147.64082815974598,148.12565320692238,99,-15.138817502615552,-14.977795567844623
325,9,350.0,1.0,327.0812668704322,328.54515889859704,327.0812668704322,19,15.473923642775993,16.865931690324835
326,9,350.0,1.0,327.0812668704322,328.54515889859704,327.0812668704322,39,111.34445222642516,113.91578973001037
327,9,350.0,1.0,327.0812668704322,328.54515889859704,327.0812668704322,59,159.13883139368718,158.65029250348084
328,9,350.0,1.0,327.0812668704322,328.54515889859704,327.0812668704322,79,62.26490501360651,58.643757996980185
329,9,350.0,1.0,327.0812668704322,328.54515889859704,327.0812668704322,99,-36.36983737266024,-37.595703846219294
330,9,850.0,1.0,-377.14319275995206,-376.93229957818403,377.14319275995206,19,-26.624245439319246,-29.094570028829658
331,9,850.0,1.0,-377.14319275995206,-376.93229957818403,377.14319275995206,39,-140.53293246671527,-142.2248171632865
332,9,850.0,1.0,-377.14319275995206,-376.93229957818403,377.14319275995206,59,-147.07772175099447,-145.49820229706847
333,9,850.0,1.0,-377.14319275995206,-376.93229957818403,377.14319275995206,79,-34.43107872880557,-31.9276472871411
334,9,850.0,1.0,-377.14319275995206,-376.93229957818403,377.14319275995206,99,-8.96401333167131,-9.131506621982226
335,9,1100.0,1.0,-56.61209316831636,-54.90088138538067,56.61209316831636,19,23.61203107895041,25.492583023338756
336,9,1100.0,1.0,-56.61209316831636,-54.90088138538067,56.61209316831636,39,79.44245828104926,78.86613694466848
337,9,1100.0,1.0,-56.61209316831636,-54.90088138538067,56.61209316831636,59,-5.635899588647504,-8.154627693749262
338,9,1100.0,1.0,-56.61209316831636,-54.90088138538067,56.61209316831636,79,-78.98332221193778,-79.84398473143756
339,9,1100.0,1.0,-56.61209316831636,-54.90088138538067,56.61209316831636,99,-70.7771189841315,-70.15909677387754
340,9,100.0,2.0,-131.73014314816592,-131.96252061887026,131.73014314816592,19,3.638130126127098,3.4897116592921336
341,9,100.0,2.0,-131.73014314816592,-131.96252061887026,131.73014314816592,39,-34.36835104295212,-35.86368635261124
342,9,100.0,2.0,-131.73014314816592,-131.96252061887026,131.73014314816592,59,-76.38119647317815,-76.15745259911114
343,9,100.0,2.0,-131.73014314816592,-131.96252061887026,131.73014314816592,79,-25.95266251427276,-24.423269285437982
344,9,100.0,2.0,-131.73014314816592,-131.96252061887026,131.73014314816592,99,7.874457010705129,8.116215808852758
345,9,350.0,2.0,234.14642020992068,234.2319005574227,234.14642020992068,19,9.018532539119647,9.552233883402515
346,9,350.0,2.0,234.14642020992068,234.2319005574227,234.14642020992068,39,48.159252174652195,49.65855878407933
347,9,350.0,2.0,234.14642020992068,234.2319005574227,234.14642020992068,59,94.69790458025922,95.0083535959684
348,9,350.0,2.0,234.14642020992068,234.2319005574227,234.14642020992068,79,60.93567678737986,59.213636760141526
349,9,350.0,2.0,234.14642020992068,234.2319005574227,234.14642020992068,99,10.03488653659221,9.373740711599567
350,9,850.0,2.0,-108.57628871191838,-107.68376087934666,108.57628871191838,19,4.572490357556445,4.7993444048396015
351,9,850.0,2.0,-108.57628871191838,-107.68376087934666,108.57628871191838,39,-0.5103353208955959,-1.0228935687849798
352,9,850.0,2.0,-108.57628871191838,-107.68376087934666,108.57628871191838,59,-23.38733276159258,-23.799182997556045
353,9,850.0,2.0,-108.57628871191838,-107.68376087934666,108.57628871191838,79,-39.51198252538424,-39.935867555274626
354,9,850.0,2.0,-108.57628871191838,-107.68376087934666,108.57628871191838,99,-43.77185178256593,-43.45310404176689
355,9,1100.0,2.0,-83.38191397921362,-82.38103362734637,83.38191397921362,19,1.4281981337223413,1.5215497689188027
356,9,1100.0,2.0,-83.38191397921362,-82.38103362734637,83.38191397921362,39,7.2670329110514125,7.40709491901805
357,9,1100.0,2.0,-83.38191397921362,-82.38103362734637,83.38191397921362,59,-4.890669338147475,-5.68639958584572
358,9,1100.0,2.0,-83.38191397921362,-82.38103362734637,83.38191397921362,79,-37.672606378563984,-38.303334410873504
359,9,1100.0,2.0,-83.38191397921362,-82.38103362734637,83.38191397921362,99,-44.53995926835253,-44.35672323527069
360,10,100.0,1.0,-367.61807418917067,-364.8285211473376,367.61807418917067,19,-1.4067197324283214,-1.7129395042940843
361,10,100.0,1.0,-367.61807418917067,-364.8285211473376,367.61807418917067,39,-36.871625280644146,-38.47370858255556
362,10,100.0,1.0,-367.61807418917067,-364.8285211473376,367.61807418917067,59,-94.70904962250226,-95.418338701008
363,10,100.0,1.0,-367.61807418917067,-364.8285211473376,367.61807418917067,79,-105.55740274532774,-105.73904375648863
364,10,100.0,1.0,-367.61807418917067,-364.8285211473376,367.61807418917067,99,-108.05970508814104,-108.04209585818808
365,10,350.0,1.0,119.84493651868311,119.01840241477385,119.84493651868311,19,-0.7623711363230542,-0.9636923431742446
366,10,350.0,1.0,119.84493651868311,119.01840241477385,119.84493651868311,39,0.646817820165932,1.239225343228668
367,10,350.0,1.0,119.84493651868311,119.01840241477385,119.84493651868311,59,36.410403529371294,37.25787018615824
368,10,350.0,1.0,119.84493651868311,119.01840241477385,119.84493651868311,79,43.040807368941515,42.68726945266371
369,10,350.0,1.0,119.84493651868311,119.01840241477385,119.84493651868311,99,33.927200649387174,33.79960059886889
370,10,850.0,1.0,38.74927291017048,38.435666317011055,38.74927291017048,19,-0.08441395841152977,0.26951803459409973
371,10,850.0,1.0,38.74927291017048,38.435666317011055,38.74927291017048,39,20.347065230189163,20.383211653780222
372,10,850.0,1.0,38.74927291017048,38.435666317011055,38.74927291017048,59,5.2241707469318115,4.887840330369272
373,10,850.0,1.0,38.74927291017048,38.435666317011055,38.74927291017048,79,2.6485531184702893,2.718304310915755
374,10,850.0,1.0,38.74927291017048,38.435666317011055,38.74927291017048,99,8.067864931645317,8.253293021945865
375,10,1100.0,1.0,-46.16868090481864,-46.12167493495417,46.16868090481864,19,-4.774525299609087,-5.105638777341852
376,10,1100.0,1.0,-46.16868090481864,-46.12167493495417,46.16868090481864,39,-27.61540709630001,-27.905654306245765
377,10,1100.0,1.0,-46.16868090481864,-46.12167493495417,46.16868090481864,59,-17.797408716987327,-17.324457778702254
378,10,1100.0,1.0,-46.16868090481864,-46.12167493495417,46.16868090481864,79,3.875327008081527,4.1242532389151165
379,10,1100.0,1.0,-46.16868090481864,-46.12167493495417,46.16868090481864,99,2.1426510308164097,1.9244936623381363
380,10,100.0,2.0,-250.610454165044,-249.75631213167253,250.610454165044,19,-10.65218937810258,-11.502296677531838
381,10,100.0,2.0,-250.610454165044,-249.75631213167253,250.610454165044,39,-52.67764453833054,-53.552629192409995
382,10,100.0,2.0,-250.610454165044,-249.75631213167253,250.610454165044,59,-73.16806973366656,-73.2975995521872
383,10,100.0,2.0,-250.610454165044,-249.75631213167253,250.610454165044,79,-63.41987104534607,-62.863663490498766
384,10,100.0,2.0,-250.610454165044,-249.75631213167253,250.610454165044,99,-37.24882999172789,-36.81434072647335
385,10,350.0,2.0,-76.48533061608009,-76.9533195464619,76.48533061608009,19,-4.09907340448577,-4.506215004534781
386,10,350.0,2.0,-76.48533061608009,-76.9533195464619,76.48533061608009,39,-29.263567051077814,-29.84805049423005
387,10,350.0,2.0,-76.48533061608009,-76.9533195464619,76.48533061608009,59,-39.72824192951354,-39.31654244616766
388,10,350.0,2.0,-76.48533061608009,-76.9533195464619,76.48533061608009,79,-12.365884088187585,-11.731972451183992
389,10,350.0,2.0,-76.48533061608009,-76.9533195464619,76.48533061608009,99,12.346771417390826,12.794992288650974
390,10,850.0,2.0,-102.54992401874756,-103.37129797547004,102.54992401874756,19,-1.132582811562889,-1.3775512465768287
391,10,850.0,2.0,-102.54992401874756,-103.37129797547004,102.54992401874756,39,-30.131854823628082,-31.254811275788597
392,10,850.0,2.0,-102.54992401874756,-103.37129797547004,102.54992401874756,59,-64.54419717207705,-64.70503858530856
393,10,850.0,2.0,-102.54992401874756,-103.37129797547004,102.54992401874756,79,-27.6461979598767,-25.999522639460338
394,10,850.0,2.0,-102.54992401874756,-103.37129797547004,102.54992401874756,99,25.489275075969246,26.09873712629178
395,10,1100.0,2.0,94.16361166533757,95.34466492443516,94.16361166533757,19,0.4020165947636696,0.49872244830092427
396,10,1100.0,2.0,94.16361166533757,95.34466492443516,94.16361166533757,39,40.33290273180127,42.17052058212437
397,10,1100.0,2.0,94.16361166533757,95.34466492443516,94.16361166533757,59,79.13811371005856,78.394684752496
398,10,1100.0,2.0,94.16361166533757,95.34466492443516,94.16361166533757,79,9.432537081306222,7.509385864408614
399,10,1100.0,2.0,94.16361166533757,95.34466492443516,94.16361166533757,99,-38.50223212539689,-38.993525119853075
400,11,100.0,1.0,72.76757661677186,73.00224760524179,72.76757661677186,19,9.970911524706263,11.078542467179602
401,11,100.0,1.0,72.76757661677186,73.00224760524179,72.76757661677186,39,64.40852202052992,65.05022923304352
402,11,100.0,1.0,72.76757661677186,73.00224760524179,72.76757661677186,59,32.47334221568515,30.6868629070741
403,11,100.0,1.0,72.76757661677186,73.00224760524179,72.76757661677186,79,-19.78486435130334,-20.44557954981974
404,11,100.0,1.0,72.76757661677186,73.00224760524179,72.76757661677186,99,-18.031478918582934,-17.48802705911021
405,11,350.0,1.0,-8.699632690979978,-8.830578524635712,8.699632690979978,19,-0.8707104928097387,-0.7989715373290096
406,11,350.0,1.0,-8.699632690979978,-8.830578524635712,8.699632690979978,39,7.710848523900818,7.596268536748767
407,11,350.0,1.0,-8.699632690979978,-8.830578524635712,8.699632690979978,59,-4.956850108260738,-5.127392563879084
408,11,350.0,1.0,-8.699632690979978,-8.830578524635712,8.699632690979978,79,-10.781329763409929,-10.780197677907381
409,11,350.0,1.0,-8.699632690979978,-8.830578524635712,8.699632690979978,99,0.6391271324292802,0.9448859273634298
410,11,850.0,1.0,206.14878827633578,206.02727211006186,206.14878827633578,19,-0.5957737081984372,-0.6160071664056233
411,11,850.0,1.0,206.14878827633578,206.02727211006186,206.14878827633578,39,22.905530877293593,24.452190019087084
412,11,850.0,1.0,206.14878827633578,206.02727211006186,206.14878827633578,59,79.82615182435661,80.43533193923395
413,11,850.0,1.0,206.14878827633578,206.02727211006186,206.14878827633578,79,69.5603543555073,68.57033936122298
414,11,850.0,1.0,206.14878827633578,206.02727211006186,206.14878827633578,99,24.06164604062306,22.988220795968118
415,11,1100.0,1.0,-240.84739192128103,-240.18318729652856,240.84739192128103,19,-1.5933572482753953,-2.0010276113542176
416,11,1100.0,1.0,-240.84739192128103,-240.18318729652856,240.84739192128103,39,-44.15585063201412,-45.53266819480564
417,11,1100.0,1.0,-240.84739192128103,-240.18318729652856,240.84739192128103,59,-80.12909070078521,-80.40245575212066
418,11,1100.0,1.0,-240.84739192128103,-240.18318729652856,240.84739192128103,79,-69.89565530338243,-69.05761962821543
419,11,1100.0,1.0,-240.84739192128103,-240.18318729652856,240.84739192128103,99,-32.26439086851224,-31.638936605026174
420,11,100.0,2.0,0.14567135519177832,-0.4571590352607018,0.14567135519177832,19,7.867360258106125,8.164652011492123
421,11,100.0,2.0,0.14567135519177832,-0.4571590352607018,0.14567135519177832,39,0.888833629013277,0.3482455603067365
422,11,100.0,2.0,0.14567135519177832,-0.4571590352607018,0.14567135519177832,59,-12.374512246893147,-12.379779013929692
423,11,100.0,2.0,0.14567135519177832,-0.4571590352607018,0.14567135519177832,79,-6.398749170138856,-6.229853148565326
424,11,100.0,2.0,0.14567135519177832,-0.4571590352607018,0.14567135519177832,99,9.685486672533273,10.385018043300988
425,11,350.0,2.0,-221.3571938935582,-219.35323056044308,221.3571938935582,19,-7.644478880188896,-8.059631821170811
426,11,350.0,2.0,-221.3571938935582,-219.35323056044308,221.3571938935582,39,-28.71636114434554,-29.284336096413085
427,11,350.0,2.0,-221.3571938935582,-219.35323056044308,221.3571938935582,59,-49.72960262513513,-50.282926524217146
428,11,350.0,2.0,-221.3571938935582,-219.35323056044308,221.3571938935582,79,-56.48949828172202,-56.27351718395221
429,11,350.0,2.0,-221.3571938935582,-219.35323056044308,221.3571938935582,99,-65.88228335713232,-66.4597221103304
430,11,850.0,2.0,-37.701579720983716,-37.80573042162359,37.701579720983716,19,-3.0491962398077064,-3.152848855685022
431,11,850.0,2.0,-37.701579720983716,-37.80573042162359,37.701579720983716,39,-4.502927565736265,-4.619312126212549
432,11,850.0,2.0,-37.701579720983716,-37.80573042162359,37.701579720983716,59,-22.75042644195002,-23.223110327014638
433,11,850.0,2.0,-37.701579720983716,-37.80573042162359,37.701579720983716,79,-10.61678805659956,-9.85074067640062
434,11,850.0,2.0,-37.701579720983716,-37.80573042162359,37.701579720983716,99,4.893110558570697,4.886000376976881
435,11,1100.0,2.0,-156.52021888975915,-155.78581757861866,156.52021888975915,19,-14.198788434970854,-15.043723318818081
436,11,1100.0,2.0,-156.52021888975915,-155.78581757861866,156.52021888975915,39,-38.544897024730396,-38.85621904363927
437,11,1100.0,2.0,-156.52021888975915,-155.78581757861866,156.52021888975915,59,-51.23159179733436,-51.07212059490598
438,11,1100.0,2.0,-156.52021888975915,-155.78581757861866,156.52021888975915,79,-21.851900349265833,-21.21861755834152
439,11,1100.0,2.0,-156.52021888975915,-155.78581757861866,156.52021888975915,99,-22.258330733775125,-22.624373427420323
440,12,100.0,1.0,24.426570367195193,24.78892551721856,24.426570367195193,19,3.7766942142244426,4.17480691925924
441,12,100.0,1.0,24.426570367195193,24.78892551721856,24.426570367195193,39,27.34787381880885,27.822526435801706
442,12,100.0,1.0,24.426570367195193,24.78892551721856,24.426570367195193,59,23.122555252222753,22.543710419073022
443,12,100.0,1.0,24.426570367195193,24.78892551721856,24.426570367195193,79,-11.922338693242509,-12.744113667130932
444,12,100.0,1.0,24.426570367195193,24.78892551721856,24.426570367195193,99,-18.971776731731325,-18.69703193643636
445,12,350.0,1.0,70.6416927837025,70.95366415601711,70.6416927837025,19,-1.2251142051662711,-1.3364431571468316
446,12,350.0,1.0,70.6416927837025,70.95366415601711,70.6416927837025,39,0.9201142886486586,1.3806291065770893
447,12,350.0,1.0,70.6416927837025,70.95366415601711,70.6416927837025,59,27.945495452668467,28.62545778899448
448,12,350.0,1.0,70.6416927837025,70.95366415601711,70.6416927837025,79,35.84215437781272,35.521848189311186
449,12,350.0,1.0,70.6416927837025,70.95366415601711,70.6416927837025,99,3.8655244208458726,2.8724573985618918
450,12,850.0,1.0,-206.63128793608539,-205.90429672379742,206.63128793608539,19,-10.990022478279103,-11.502259786096317
451,12,850.0,1.0,-206.63128793608539,-205.90429672379742,206.63128793608539,39,-26.828773034191833,-27.320677960072203
452,12,850.0,1.0,-206.63128793608539,-205.90429672379742,206.63128793608539,59,-56.53730021120491,-57.290726915281084
453,12,850.0,1.0,-206.63128793608539,-205.90429672379742,206.63128793608539,79,-63.22149159116398,-62.902842066242556
454,12,850.0,1.0,-206.63128793608539,-205.90429672379742,206.63128793608539,99,-37.99297994034774,-37.24987438478547
455,12,1100.0,1.0,-58.60017111190772,-57.95072142230583,58.60017111190772,19,-9.99546373519746,-10.558817898731576
456,12,1100.0,1.0,-58.60017111190772,-57.95072142230583,58.60017111190772,39,-20.68590673960706,-20.443447792301413
457,12,1100.0,1.0,-58.60017111190772,-57.95072142230583,58.60017111190772,59,2.395495583487147,2.8152461751265037
458,12,1100.0,1.0,-58.60017111190772,-57.95072142230583,58.60017111190772,79,-3.2002791345032904,-3.669526850757393
459,12,1100.0,1.0,-58.60017111190772,-57.95072142230583,58.60017111190772,99,-23.6359442921476,-23.87044697892361
460,12,100.0,2.0,-31.864568060036305,-31.650452755719925,31.864568060036305,19,-0.3652448347365732,-0.4404507110556892
461,12,100.0,2.0,-31.864568060036305,-31.650452755719925,31.864568060036305,39,-3.812087078746746,-3.7999972410348164
462,12,100.0,2.0,-31.864568060036305,-31.650452755719925,31.864568060036305,59,-2.5057171230441924,-2.5486991280229176
463,12,100.0,2.0,-31.864568060036305,-31.650452755719925,31.864568060036305,79,-11.169692016893094,-11.622756329200456
464,12,100.0,2.0,-31.864568060036305,-31.650452755719925,31.864568060036305,99,-11.941128525042771,-11.605633589618265
465,12,350.0,2.0,-123.70703008757536,-123.95695198582234,123.70703008757536,19,-4.127989443624976,-4.431295881429975
466,12,350.0,2.0,-123.70703008757536,-123.95695198582234,123.70703008757536,39,-23.716181123951287,-24.462038629714243
467,12,350.0,2.0,-123.70703008757536,-123.95695198582234,123.70703008757536,59,-46.62561382553071,-46.763336379347265
468,12,350.0,2.0,-123.70703008757536,-123.95695198582234,123.70703008757536,79,-37.061213714634945,-36.44553780719161
469,12,350.0,2.0,-123.70703008757536,-123.95695198582234,123.70703008757536,99,-6.135016909723959,-5.279063976117868
470,12,850.0,2.0,354.9289214180182,354.8387623066037,354.9289214180182,19,15.232865274029203,16.68755773602541
471,12,850.0,2.0,354.9289214180182,354.8387623066037,354.9289214180182,39,108.94980039445446,111.13680370147245
472,12,850.0,2.0,354.9289214180182,354.8387623066037,354.9289214180182,59,131.1988637306406,130.03218350796578
473,12,850.0,2.0,354.9289214180182,354.8387623066037,354.9289214180182,79,64.18431489060609,62.467730220989324
474,12,850.0,2.0,354.9289214180182,354.8387623066037,354.9289214180182,99,17.544826003273215,16.808066451277227
475,12,1100.0,2.0,-241.87208231443034,-240.63234493016807,241.87208231443034,19,-5.964127755498977,-6.466637333779417
476,12,1100.0,2.0,-241.87208231443034,-240.63234493016807,241.87208231443034,39,-31.276630114152457,-31.90681272851384
477,12,1100.0,2.0,-241.87208231443034,-240.63234493016807,241.87208231443034,59,-58.87310725223106,-59.48753216447767
478,12,1100.0,2.0,-241.87208231443034,-240.63234493016807,241.87208231443034,79,-72.28382907246467,-72.38557745523394
479,12,1100.0,2.0,-241.87208231443034,-240.63234493016807,241.87208231443034,99,-60.05606338168759,-59.385037149134405
